{
  "items": [
    {
      "photo_id": "photos/1938/gehrig.jpg",
      "title": "Lou Gehrig at the plate",
      "year": 1938,
      "era": "1930s",
      "type": "photo",
      "game_context": "Yankee Stadium",
      "location": "New York, NY",
      "people": "Lou Gehrig",
      "teams": "New York Yankees",
      "tags": "batting,portrait",
      "source": "B2 upload",
      "rights_notes": "Unknown",
      "is_featured": 1,
      "is_matchup_eligible": 1,
      "is_memorabilia": 0,
      "description": "Example description"
    }
  ]
}