[
  {
    "id": 1,
    "title": "Lou Gehrig's Historic 2,130th Consecutive Game",
    "date": "2024-10-15",
    "excerpt": "On this day in history, Lou Gehrig set the record that would stand for decades..."
  },
  {
    "id": 2,
    "title": "New ALS Research Funding Milestone Reached",
    "date": "2024-10-20",
    "excerpt": "The Lou Gehrig Fan Club is proud to announce a major milestone in ALS research funding..."
  },
  {
    "id": 3,
    "title": "Upcoming Community Event: Baseball Hall of Fame Visit",
    "date": "2024-10-10",
    "excerpt": "Join fellow LGFC members for an exclusive tour of the Baseball Hall of Fame..."
  },
  {
    "id": 4,
    "title": "Member Spotlight: Stories from the Iron Horse Legacy",
    "date": "2024-09-28",
    "excerpt": "This month we feature inspiring stories from long-time LGFC members..."
  }
]
